"year","total","region","type","population","providerRate"
2011,3,"Area L","ahec",309832,0.1
2012,3,"Area L","ahec",309165,0.1
2013,4,"Area L","ahec",306794,0.13
2014,4,"Area L","ahec",305841,0.13
2015,4,"Area L","ahec",303922,0.13
2016,3,"Area L","ahec",302629,0.1
2017,3,"Area L","ahec",301780,0.1
2011,26,"Charlotte","ahec",1799166,0.14
2012,29,"Charlotte","ahec",1827256,0.16
2013,32,"Charlotte","ahec",1863538,0.17
2014,30,"Charlotte","ahec",1896573,0.16
2015,31,"Charlotte","ahec",1930604,0.16
2016,35,"Charlotte","ahec",1961268,0.18
2017,38,"Charlotte","ahec",1999372,0.19
2011,10,"Eastern","ahec",1044211,0.1
2012,10,"Eastern","ahec",1055120,0.09
2013,10,"Eastern","ahec",1059704,0.09
2014,10,"Eastern","ahec",1060701,0.09
2015,11,"Eastern","ahec",1062244,0.1
2016,10,"Eastern","ahec",1061127,0.09
2017,14,"Eastern","ahec",1064705,0.13
2011,25,"Greensboro","ahec",1136068,0.22
2012,23,"Greensboro","ahec",1147212,0.2
2013,21,"Greensboro","ahec",1154755,0.18
2014,24,"Greensboro","ahec",1163764,0.21
2015,24,"Greensboro","ahec",1173064,0.2
2016,25,"Greensboro","ahec",1180482,0.21
2017,27,"Greensboro","ahec",1190264,0.23
2011,11,"Mountain","ahec",770362,0.14
2012,8,"Mountain","ahec",769642,0.1
2013,10,"Mountain","ahec",776064,0.13
2014,12,"Mountain","ahec",781867,0.15
2015,8,"Mountain","ahec",789383,0.1
2016,8,"Mountain","ahec",799550,0.1
2017,8,"Mountain","ahec",807857,0.1
2011,25,"Northwest","ahec",1563589,0.16
2012,22,"Northwest","ahec",1566740,0.14
2013,24,"Northwest","ahec",1571258,0.15
2014,21,"Northwest","ahec",1579059,0.13
2015,22,"Northwest","ahec",1586703,0.14
2016,21,"Northwest","ahec",1598199,0.13
2017,22,"Northwest","ahec",1610400,0.14
2011,5,"South East","ahec",487484,0.1
2012,5,"South East","ahec",494872,0.1
2013,5,"South East","ahec",502936,0.1
2014,5,"South East","ahec",509080,0.1
2015,5,"South East","ahec",518781,0.1
2016,5,"South East","ahec",527596,0.09
2017,6,"South East","ahec",536440,0.11
2011,11,"Southern Regional","ahec",900751,0.12
2012,8,"Southern Regional","ahec",909169,0.09
2013,7,"Southern Regional","ahec",914274,0.08
2014,7,"Southern Regional","ahec",913874,0.08
2015,6,"Southern Regional","ahec",915808,0.07
2016,8,"Southern Regional","ahec",918447,0.09
2017,8,"Southern Regional","ahec",921525,0.09
2011,29,"Wake AHEC","ahec",1657781,0.17
2012,29,"Wake AHEC","ahec",1686053,0.17
2013,25,"Wake AHEC","ahec",1712629,0.15
2014,28,"Wake AHEC","ahec",1742928,0.16
2015,29,"Wake AHEC","ahec",1776174,0.16
2016,29,"Wake AHEC","ahec",1806644,0.16
2017,36,"Wake AHEC","ahec",1840349,0.2
2011,0,"Alamance","county",152531,0
2012,0,"Alamance","county",153029,0
2013,0,"Alamance","county",153595,0
2014,0,"Alamance","county",155789,0
2015,0,"Alamance","county",157522,0
2016,0,"Alamance","county",159054,0
2017,0,"Alamance","county",161076,0
2011,0,"Alexander","county",37528,0
2012,0,"Alexander","county",37389,0
2013,0,"Alexander","county",37436,0
2014,0,"Alexander","county",37832,0
2015,0,"Alexander","county",37952,0
2016,0,"Alexander","county",38284,0
2017,0,"Alexander","county",38452,0
2011,0,"Alleghany","county",11069,0
2012,0,"Alleghany","county",10971,0
2013,0,"Alleghany","county",11052,0
2014,0,"Alleghany","county",11099,0
2015,0,"Alleghany","county",11190,0
2016,0,"Alleghany","county",11202,0
2017,0,"Alleghany","county",11233,0
2011,0,"Anson","county",25822,0
2012,0,"Anson","county",26626,0
2013,0,"Anson","county",26318,0
2014,0,"Anson","county",26468,0
2015,0,"Anson","county",26155,0
2016,0,"Anson","county",25628,0
2017,0,"Anson","county",25626,0
2011,0,"Ashe","county",27423,0
2012,0,"Ashe","county",27361,0
2013,0,"Ashe","county",27434,0
2014,0,"Ashe","county",27448,0
2015,0,"Ashe","county",27332,0
2016,0,"Ashe","county",27344,0
2017,0,"Ashe","county",27218,0
2011,0,"Avery","county",17834,0
2012,0,"Avery","county",17764,0
2013,0,"Avery","county",17872,0
2014,0,"Avery","county",17895,0
2015,0,"Avery","county",17816,0
2016,0,"Avery","county",18098,0
2017,0,"Avery","county",18072,0
2011,0,"Beaufort","county",47854,0
2012,0,"Beaufort","county",47901,0
2013,0,"Beaufort","county",47777,0
2014,0,"Beaufort","county",47717,0
2015,0,"Beaufort","county",47829,0
2016,0,"Beaufort","county",47610,0
2017,0,"Beaufort","county",47547,0
2011,0,"Bertie","county",20890,0
2012,0,"Bertie","county",20665,0
2013,0,"Bertie","county",20595,0
2014,0,"Bertie","county",20617,0
2015,0,"Bertie","county",20533,0
2016,0,"Bertie","county",19847,0
2017,0,"Bertie","county",19881,0
2011,0,"Bladen","county",35148,0
2012,0,"Bladen","county",35200,0
2013,0,"Bladen","county",35209,0
2014,0,"Bladen","county",35113,0
2015,0,"Bladen","county",35011,0
2016,0,"Bladen","county",34667,0
2017,0,"Bladen","county",34393,0
2011,0,"Brunswick","county",110140,0
2012,0,"Brunswick","county",112597,0
2013,0,"Brunswick","county",115716,0
2014,0,"Brunswick","county",117834,0
2015,0,"Brunswick","county",123535,0
2016,0,"Brunswick","county",127750,0
2017,0,"Brunswick","county",131726,0
2011,8,"Buncombe","county",243855,0.33
2012,5,"Buncombe","county",245535,0.2
2013,7,"Buncombe","county",248872,0.28
2014,10,"Buncombe","county",251275,0.4
2015,7,"Buncombe","county",254836,0.27
2016,7,"Buncombe","county",258406,0.27
2017,7,"Buncombe","county",261532,0.27
2011,0,"Burke","county",90722,0
2012,0,"Burke","county",89977,0
2013,0,"Burke","county",89519,0
2014,0,"Burke","county",89197,0
2015,0,"Burke","county",89114,0
2016,0,"Burke","county",89814,0
2017,0,"Burke","county",90246,0
2011,3,"Cabarrus","county",181253,0.17
2012,2,"Cabarrus","county",183565,0.11
2013,3,"Cabarrus","county",186457,0.16
2014,3,"Cabarrus","county",191060,0.16
2015,2,"Cabarrus","county",195714,0.1
2016,4,"Cabarrus","county",200663,0.2
2017,3,"Cabarrus","county",205473,0.15
2011,0,"Caldwell","county",83117,0
2012,0,"Caldwell","county",82605,0
2013,0,"Caldwell","county",82504,0
2014,0,"Caldwell","county",82445,0
2015,0,"Caldwell","county",82577,0
2016,0,"Caldwell","county",82793,0
2017,0,"Caldwell","county",83303,0
2011,0,"Camden","county",9921,0
2012,0,"Camden","county",9922,0
2013,0,"Camden","county",10174,0
2014,0,"Camden","county",10251,0
2015,0,"Camden","county",10224,0
2016,0,"Camden","county",10287,0
2017,0,"Camden","county",10359,0
2011,0,"Carteret","county",67696,0
2012,0,"Carteret","county",68362,0
2013,0,"Carteret","county",69239,0
2014,0,"Carteret","county",69350,0
2015,0,"Carteret","county",69826,0
2016,0,"Carteret","county",69881,0
2017,0,"Carteret","county",70190,0
2011,0,"Caswell","county",23654,0
2012,0,"Caswell","county",23492,0
2013,0,"Caswell","county",23844,0
2014,0,"Caswell","county",23602,0
2015,0,"Caswell","county",23606,0
2016,0,"Caswell","county",23689,0
2017,0,"Caswell","county",23699,0
2011,4,"Catawba","county",154992,0.26
2012,4,"Catawba","county",155494,0.26
2013,3,"Catawba","county",155411,0.19
2014,3,"Catawba","county",155830,0.19
2015,2,"Catawba","county",155828,0.13
2016,2,"Catawba","county",156473,0.13
2017,1,"Catawba","county",156949,0.06
2011,0,"Chatham","county",64553,0
2012,0,"Chatham","county",66545,0
2013,0,"Chatham","county",67620,0
2014,0,"Chatham","county",68725,0
2015,0,"Chatham","county",71815,0
2016,0,"Chatham","county",73286,0
2017,0,"Chatham","county",74835,0
2011,0,"Cherokee","county",27300,0
2012,0,"Cherokee","county",27030,0
2013,0,"Cherokee","county",27471,0
2014,0,"Cherokee","county",27451,0
2015,0,"Cherokee","county",27770,0
2016,0,"Cherokee","county",28591,0
2017,0,"Cherokee","county",29216,0
2011,0,"Chowan","county",14796,0
2012,0,"Chowan","county",14743,0
2013,0,"Chowan","county",14815,0
2014,0,"Chowan","county",14636,0
2015,0,"Chowan","county",14541,0
2016,0,"Chowan","county",14410,0
2017,0,"Chowan","county",14292,0
2011,0,"Clay","county",10460,0
2012,0,"Clay","county",10520,0
2013,0,"Clay","county",10794,0
2014,0,"Clay","county",10794,0
2015,0,"Clay","county",11036,0
2016,0,"Clay","county",11320,0
2017,0,"Clay","county",11488,0
2011,0,"Cleveland","county",98209,0
2012,0,"Cleveland","county",97702,0
2013,0,"Cleveland","county",97429,0
2014,0,"Cleveland","county",97920,0
2015,0,"Cleveland","county",97871,0
2016,0,"Cleveland","county",98244,0
2017,0,"Cleveland","county",98580,0
2011,0,"Columbus","county",57657,0
2012,0,"Columbus","county",57862,0
2013,0,"Columbus","county",57739,0
2014,0,"Columbus","county",57632,0
2015,0,"Columbus","county",57206,0
2016,0,"Columbus","county",57182,0
2017,0,"Columbus","county",56941,0
2011,3,"Craven","county",104965,0.29
2012,2,"Craven","county",105179,0.19
2013,2,"Craven","county",104421,0.19
2014,2,"Craven","county",104520,0.19
2015,2,"Craven","county",103691,0.19
2016,2,"Craven","county",103737,0.19
2017,2,"Craven","county",103735,0.19
2011,5,"Cumberland","county",327643,0.15
2012,4,"Cumberland","county",330754,0.12
2013,5,"Cumberland","county",332553,0.15
2014,3,"Cumberland","county",329403,0.09
2015,3,"Cumberland","county",328860,0.09
2016,4,"Cumberland","county",329824,0.12
2017,3,"Cumberland","county",329604,0.09
2011,0,"Currituck","county",23643,0
2012,0,"Currituck","county",23767,0
2013,0,"Currituck","county",24506,0
2014,0,"Currituck","county",25072,0
2015,0,"Currituck","county",25627,0
2016,0,"Currituck","county",26101,0
2017,0,"Currituck","county",26604,0
2011,0,"Dare","county",34216,0
2012,0,"Dare","county",34810,0
2013,0,"Dare","county",35273,0
2014,0,"Dare","county",35415,0
2015,0,"Dare","county",36001,0
2016,0,"Dare","county",36387,0
2017,0,"Dare","county",36792,0
2011,0,"Davidson","county",163364,0
2012,0,"Davidson","county",163410,0
2013,0,"Davidson","county",163770,0
2014,0,"Davidson","county",164454,0
2015,0,"Davidson","county",165193,0
2016,0,"Davidson","county",166137,0
2017,0,"Davidson","county",167105,0
2011,0,"Davie","county",41560,0
2012,1,"Davie","county",41412,0.24
2013,1,"Davie","county",41507,0.24
2014,1,"Davie","county",41476,0.24
2015,1,"Davie","county",41743,0.24
2016,1,"Davie","county",42211,0.24
2017,1,"Davie","county",42727,0.23
2011,0,"Duplin","county",59476,0
2012,0,"Duplin","county",60059,0
2013,0,"Duplin","county",60104,0
2014,0,"Duplin","county",60126,0
2015,0,"Duplin","county",59868,0
2016,0,"Duplin","county",59597,0
2017,0,"Duplin","county",59513,0
2011,16,"Durham","county",272314,0.59
2012,16,"Durham","county",282511,0.57
2013,13,"Durham","county",286053,0.45
2014,16,"Durham","county",292191,0.55
2015,15,"Durham","county",297219,0.5
2016,16,"Durham","county",301520,0.53
2017,21,"Durham","county",306184,0.69
2011,0,"Edgecombe","county",56089,0
2012,0,"Edgecombe","county",56085,0
2013,0,"Edgecombe","county",55704,0
2014,0,"Edgecombe","county",55483,0
2015,0,"Edgecombe","county",54367,0
2016,0,"Edgecombe","county",53502,0
2017,0,"Edgecombe","county",52856,0
2011,19,"Forsyth","county",354878,0.54
2012,16,"Forsyth","county",357767,0.45
2013,18,"Forsyth","county",360471,0.5
2014,16,"Forsyth","county",364248,0.44
2015,17,"Forsyth","county",366543,0.46
2016,16,"Forsyth","county",369144,0.43
2017,18,"Forsyth","county",372651,0.48
2011,0,"Franklin","county",61651,0
2012,0,"Franklin","county",61840,0
2013,0,"Franklin","county",62697,0
2014,0,"Franklin","county",63225,0
2015,0,"Franklin","county",64206,0
2016,0,"Franklin","county",65445,0
2017,0,"Franklin","county",66514,0
2011,4,"Gaston","county",207506,0.19
2012,4,"Gaston","county",208582,0.19
2013,3,"Gaston","county",209571,0.14
2014,3,"Gaston","county",210735,0.14
2015,3,"Gaston","county",212636,0.14
2016,3,"Gaston","county",215489,0.14
2017,3,"Gaston","county",218527,0.14
2011,0,"Gates","county",11944,0
2012,0,"Gates","county",11830,0
2013,0,"Gates","county",11880,0
2014,0,"Gates","county",11912,0
2015,0,"Gates","county",11739,0
2016,0,"Gates","county",11891,0
2017,0,"Gates","county",11960,0
2011,0,"Graham","county",8942,0
2012,0,"Graham","county",8850,0
2013,0,"Graham","county",8854,0
2014,0,"Graham","county",8829,0
2015,0,"Graham","county",8761,0
2016,0,"Graham","county",8835,0
2017,0,"Graham","county",8837,0
2011,0,"Granville","county",60863,0
2012,0,"Granville","county",56748,0
2013,0,"Granville","county",57910,0
2014,0,"Granville","county",58104,0
2015,0,"Granville","county",58547,0
2016,0,"Granville","county",59433,0
2017,0,"Granville","county",59975,0
2011,0,"Greene","county",21489,0
2012,0,"Greene","county",21363,0
2013,0,"Greene","county",21073,0
2014,0,"Greene","county",21286,0
2015,0,"Greene","county",21158,0
2016,0,"Greene","county",21421,0
2017,0,"Greene","county",21522,0
2011,18,"Guilford","county",495231,0.36
2012,15,"Guilford","county",502190,0.3
2013,14,"Guilford","county",507419,0.28
2014,16,"Guilford","county",512273,0.31
2015,17,"Guilford","county",517124,0.33
2016,17,"Guilford","county",520230,0.33
2017,17,"Guilford","county",523962,0.32
2011,0,"Halifax","county",54397,0
2012,0,"Halifax","county",54237,0
2013,0,"Halifax","county",53705,0
2014,0,"Halifax","county",53190,0
2015,0,"Halifax","county",52423,0
2016,0,"Halifax","county",52160,0
2017,0,"Halifax","county",51815,0
2011,0,"Harnett","county",118615,0
2012,0,"Harnett","county",121264,0
2013,0,"Harnett","county",123316,0
2014,0,"Harnett","county",125730,0
2015,0,"Harnett","county",127127,0
2016,0,"Harnett","county",128783,0
2017,0,"Harnett","county",130847,0
2011,1,"Haywood","county",59684,0.17
2012,1,"Haywood","county",59291,0.17
2013,1,"Haywood","county",59674,0.17
2014,1,"Haywood","county",59913,0.17
2015,0,"Haywood","county",60631,0
2016,0,"Haywood","county",61771,0
2017,0,"Haywood","county",62277,0
2011,1,"Henderson","county",108448,0.09
2012,1,"Henderson","county",108183,0.09
2013,1,"Henderson","county",109287,0.09
2014,1,"Henderson","county",110897,0.09
2015,1,"Henderson","county",112511,0.09
2016,1,"Henderson","county",114385,0.09
2017,1,"Henderson","county",116173,0.09
2011,0,"Hertford","county",24466,0
2012,0,"Hertford","county",24451,0
2013,0,"Hertford","county",24621,0
2014,0,"Hertford","county",24578,0
2015,0,"Hertford","county",24426,0
2016,0,"Hertford","county",24038,0
2017,0,"Hertford","county",23947,0
2011,0,"Hoke","county",49065,0
2012,0,"Hoke","county",50036,0
2013,0,"Hoke","county",50672,0
2014,0,"Hoke","county",50982,0
2015,0,"Hoke","county",51776,0
2016,0,"Hoke","county",52214,0
2017,0,"Hoke","county",53343,0
2011,0,"Hyde","county",5815,0
2012,0,"Hyde","county",5742,0
2013,0,"Hyde","county",5806,0
2014,0,"Hyde","county",5738,0
2015,0,"Hyde","county",5631,0
2016,0,"Hyde","county",5621,0
2017,0,"Hyde","county",5644,0
2011,1,"Iredell","county",161522,0.06
2012,0,"Iredell","county",163043,0
2013,1,"Iredell","county",164974,0.06
2014,0,"Iredell","county",167157,0
2015,1,"Iredell","county",170230,0.06
2016,1,"Iredell","county",173391,0.06
2017,1,"Iredell","county",176563,0.06
2011,0,"Jackson","county",40606,0
2012,0,"Jackson","county",40788,0
2013,0,"Jackson","county",40810,0
2014,0,"Jackson","county",41039,0
2015,0,"Jackson","county",41597,0
2016,0,"Jackson","county",42574,0
2017,0,"Jackson","county",43116,0
2011,0,"Johnston","county",172570,0
2012,0,"Johnston","county",174839,0
2013,0,"Johnston","county",177308,0
2014,0,"Johnston","county",180048,0
2015,0,"Johnston","county",184519,0
2016,0,"Johnston","county",189460,0
2017,0,"Johnston","county",194705,0
2011,0,"Jones","county",10327,0
2012,0,"Jones","county",10615,0
2013,0,"Jones","county",10554,0
2014,0,"Jones","county",10468,0
2015,0,"Jones","county",10423,0
2016,0,"Jones","county",10354,0
2017,0,"Jones","county",10356,0
2011,0,"Lee","county",58304,0
2012,0,"Lee","county",59111,0
2013,0,"Lee","county",59344,0
2014,0,"Lee","county",59194,0
2015,0,"Lee","county",58908,0
2016,0,"Lee","county",59244,0
2017,0,"Lee","county",59337,0
2011,0,"Lenoir","county",59314,0
2012,0,"Lenoir","county",59401,0
2013,0,"Lenoir","county",59046,0
2014,0,"Lenoir","county",58830,0
2015,0,"Lenoir","county",58338,0
2016,0,"Lenoir","county",57587,0
2017,0,"Lenoir","county",57477,0
2011,0,"Lincoln","county",79026,0
2012,0,"Lincoln","county",79267,0
2013,0,"Lincoln","county",79745,0
2014,0,"Lincoln","county",80202,0
2015,0,"Lincoln","county",81397,0
2016,0,"Lincoln","county",82033,0
2017,0,"Lincoln","county",83251,0
2011,0,"Macon","county",34459,0
2012,0,"Macon","county",33985,0
2013,0,"Macon","county",34151,0
2014,0,"Macon","county",34428,0
2015,0,"Macon","county",34771,0
2016,0,"Macon","county",35047,0
2017,0,"Macon","county",35413,0
2011,0,"Madison","county",21193,0
2012,0,"Madison","county",21192,0
2013,0,"Madison","county",21372,0
2014,0,"Madison","county",21584,0
2015,0,"Madison","county",21663,0
2016,0,"Madison","county",21979,0
2017,0,"Madison","county",22240,0
2011,0,"Martin","county",24083,0
2012,0,"Martin","county",24020,0
2013,0,"Martin","county",23750,0
2014,0,"Martin","county",23714,0
2015,0,"Martin","county",23746,0
2016,0,"Martin","county",23606,0
2017,0,"Martin","county",23510,0
2011,0,"McDowell","county",45462,0
2012,0,"McDowell","county",45288,0
2013,0,"McDowell","county",45231,0
2014,0,"McDowell","county",45320,0
2015,0,"McDowell","county",45370,0
2016,0,"McDowell","county",45510,0
2017,0,"McDowell","county",45716,0
2011,19,"Mecklenburg","county",940697,0.2
2012,23,"Mecklenburg","county",963165,0.24
2013,26,"Mecklenburg","county",991867,0.26
2014,24,"Mecklenburg","county",1013199,0.24
2015,26,"Mecklenburg","county",1035605,0.25
2016,28,"Mecklenburg","county",1053545,0.27
2017,32,"Mecklenburg","county",1077301,0.3
2011,0,"Mitchell","county",15501,0
2012,0,"Mitchell","county",15396,0
2013,0,"Mitchell","county",15407,0
2014,0,"Mitchell","county",15825,0
2015,0,"Mitchell","county",15335,0
2016,0,"Mitchell","county",15266,0
2017,0,"Mitchell","county",15237,0
2011,0,"Montgomery","county",27864,0
2012,0,"Montgomery","county",27914,0
2013,0,"Montgomery","county",27768,0
2014,0,"Montgomery","county",27820,0
2015,0,"Montgomery","county",27826,0
2016,0,"Montgomery","county",27768,0
2017,0,"Montgomery","county",27865,0
2011,5,"Moore","county",89395,0.56
2012,3,"Moore","county",90707,0.33
2013,2,"Moore","county",91937,0.22
2014,4,"Moore","county",93078,0.43
2015,3,"Moore","county",94492,0.32
2016,3,"Moore","county",96102,0.31
2017,4,"Moore","county",97597,0.41
2011,3,"Nash","county",96122,0.31
2012,3,"Nash","county",95533,0.31
2013,4,"Nash","county",94744,0.42
2014,4,"Nash","county",94525,0.42
2015,4,"Nash","county",94370,0.42
2016,3,"Nash","county",94421,0.32
2017,3,"Nash","county",94365,0.32
2011,5,"New Hanover","county",206774,0.24
2012,5,"New Hanover","county",209964,0.24
2013,5,"New Hanover","county",213809,0.23
2014,5,"New Hanover","county",216955,0.23
2015,5,"New Hanover","county",220231,0.23
2016,5,"New Hanover","county",223608,0.22
2017,6,"New Hanover","county",227261,0.26
2011,0,"Northampton","county",21844,0
2012,0,"Northampton","county",21514,0
2013,0,"Northampton","county",21244,0
2014,0,"Northampton","county",21233,0
2015,0,"Northampton","county",21073,0
2016,0,"Northampton","county",20788,0
2017,0,"Northampton","county",20709,0
2011,1,"Onslow","county",184228,0.05
2012,1,"Onslow","county",191030,0.05
2013,1,"Onslow","county",193925,0.05
2014,1,"Onslow","county",193204,0.05
2015,1,"Onslow","county",194636,0.05
2016,1,"Onslow","county",193914,0.05
2017,1,"Onslow","county",195621,0.05
2011,7,"Orange","county",135776,0.52
2012,7,"Orange","county",138575,0.51
2013,7,"Orange","county",139694,0.5
2014,7,"Orange","county",139933,0.5
2015,6,"Orange","county",140144,0.43
2016,7,"Orange","county",140853,0.5
2017,9,"Orange","county",142365,0.63
2011,0,"Pamlico","county",13214,0
2012,0,"Pamlico","county",13190,0
2013,0,"Pamlico","county",13071,0
2014,0,"Pamlico","county",13137,0
2015,0,"Pamlico","county",13174,0
2016,0,"Pamlico","county",13336,0
2017,0,"Pamlico","county",13268,0
2011,0,"Pasquotank","county",40438,0
2012,0,"Pasquotank","county",39941,0
2013,0,"Pasquotank","county",39458,0
2014,0,"Pasquotank","county",39691,0
2015,0,"Pasquotank","county",39731,0
2016,0,"Pasquotank","county",40284,0
2017,0,"Pasquotank","county",40598,0
2011,0,"Pender","county",53437,0
2012,0,"Pender","county",54390,0
2013,0,"Pender","county",55568,0
2014,0,"Pender","county",56533,0
2015,0,"Pender","county",57941,0
2016,0,"Pender","county",59459,0
2017,0,"Pender","county",60999,0
2011,0,"Perquimans","county",13537,0
2012,0,"Perquimans","county",13660,0
2013,0,"Perquimans","county",13771,0
2014,0,"Perquimans","county",13638,0
2015,0,"Perquimans","county",13648,0
2016,0,"Perquimans","county",13561,0
2017,0,"Perquimans","county",13546,0
2011,0,"Person","county",39700,0
2012,0,"Person","county",39197,0
2013,0,"Person","county",39192,0
2014,0,"Person","county",39265,0
2015,0,"Person","county",39574,0
2016,0,"Person","county",39728,0
2017,0,"Person","county",39868,0
2011,5,"Pitt","county",170263,0.29
2012,6,"Pitt","county",172618,0.35
2013,6,"Pitt","county",173879,0.35
2014,5,"Pitt","county",174424,0.29
2015,5,"Pitt","county",175532,0.28
2016,4,"Pitt","county",175885,0.23
2017,8,"Pitt","county",176424,0.45
2011,0,"Polk","county",20453,0
2012,0,"Polk","county",20262,0
2013,0,"Polk","county",20603,0
2014,0,"Polk","county",20740,0
2015,0,"Polk","county",20828,0
2016,0,"Polk","county",21030,0
2017,0,"Polk","county",21154,0
2011,0,"Randolph","county",142901,0
2012,0,"Randolph","county",142594,0
2013,0,"Randolph","county",142561,0
2014,0,"Randolph","county",143079,0
2015,0,"Randolph","county",142943,0
2016,0,"Randolph","county",143711,0
2017,0,"Randolph","county",144672,0
2011,0,"Richmond","county",46459,0
2012,0,"Richmond","county",46258,0
2013,0,"Richmond","county",46041,0
2014,0,"Richmond","county",45545,0
2015,0,"Richmond","county",45353,0
2016,0,"Richmond","county",44912,0
2017,0,"Richmond","county",44892,0
2011,1,"Robeson","county",134651,0.07
2012,1,"Robeson","county",134433,0.07
2013,0,"Robeson","county",134010,0
2014,0,"Robeson","county",133567,0
2015,0,"Robeson","county",133375,0
2016,1,"Robeson","county",132657,0.08
2017,1,"Robeson","county",132020,0.08
2011,0,"Rockingham","county",93558,0
2012,1,"Rockingham","county",92873,0.11
2013,0,"Rockingham","county",92254,0
2014,1,"Rockingham","county",92543,0.11
2015,1,"Rockingham","county",92084,0.11
2016,1,"Rockingham","county",91891,0.11
2017,1,"Rockingham","county",91790,0.11
2011,1,"Rowan","county",138309,0.07
2012,1,"Rowan","county",138242,0.07
2013,1,"Rowan","county",138666,0.07
2014,1,"Rowan","county",138710,0.07
2015,1,"Rowan","county",140122,0.07
2016,1,"Rowan","county",140970,0.07
2017,1,"Rowan","county",141917,0.07
2011,0,"Rutherford","county",68392,0
2012,0,"Rutherford","county",67932,0
2013,0,"Rutherford","county",67807,0
2014,0,"Rutherford","county",67606,0
2015,0,"Rutherford","county",67617,0
2016,0,"Rutherford","county",67703,0
2017,0,"Rutherford","county",67796,0
2011,0,"Sampson","county",63746,0
2012,0,"Sampson","county",64151,0
2013,0,"Sampson","county",64313,0
2014,0,"Sampson","county",64398,0
2015,0,"Sampson","county",63993,0
2016,0,"Sampson","county",63499,0
2017,0,"Sampson","county",63143,0
2011,0,"Scotland","county",36029,0
2012,0,"Scotland","county",36366,0
2013,0,"Scotland","county",36223,0
2014,0,"Scotland","county",36058,0
2015,0,"Scotland","county",35821,0
2016,0,"Scotland","county",35789,0
2017,0,"Scotland","county",35686,0
2011,0,"Stanly","county",60936,0
2012,0,"Stanly","county",60477,0
2013,0,"Stanly","county",60612,0
2014,0,"Stanly","county",61056,0
2015,0,"Stanly","county",61234,0
2016,0,"Stanly","county",61751,0
2017,0,"Stanly","county",62443,0
2011,0,"Stokes","county",47551,0
2012,0,"Stokes","county",47068,0
2013,0,"Stokes","county",46731,0
2014,0,"Stokes","county",46786,0
2015,0,"Stokes","county",46763,0
2016,0,"Stokes","county",46751,0
2017,0,"Stokes","county",46728,0
2011,0,"Surry","county",73575,0
2012,0,"Surry","county",73718,0
2013,0,"Surry","county",73344,0
2014,0,"Surry","county",73834,0
2015,0,"Surry","county",73195,0
2016,0,"Surry","county",72843,0
2017,0,"Surry","county",72843,0
2011,0,"Swain","county",14263,0
2012,0,"Swain","county",14494,0
2013,0,"Swain","county",14590,0
2014,0,"Swain","county",14831,0
2015,0,"Swain","county",14953,0
2016,0,"Swain","county",14852,0
2017,0,"Swain","county",14999,0
2011,1,"Transylvania","county",33275,0.3
2012,1,"Transylvania","county",33022,0.3
2013,1,"Transylvania","county",33220,0.3
2014,0,"Transylvania","county",33428,0
2015,0,"Transylvania","county",33745,0
2016,0,"Transylvania","county",34139,0
2017,0,"Transylvania","county",34464,0
2011,0,"Tyrrell","county",4342,0
2012,0,"Tyrrell","county",4174,0
2013,0,"Tyrrell","county",4143,0
2014,0,"Tyrrell","county",4143,0
2015,0,"Tyrrell","county",4217,0
2016,0,"Tyrrell","county",4136,0
2017,0,"Tyrrell","county",4138,0
2011,0,"Union","county",205717,0
2012,0,"Union","county",207872,0
2013,0,"Union","county",211539,0
2014,0,"Union","county",215933,0
2015,0,"Union","county",219992,0
2016,0,"Union","county",223915,0
2017,0,"Union","county",228171,0
2011,0,"Vance","county",45558,0
2012,0,"Vance","county",45530,0
2013,0,"Vance","county",45056,0
2014,0,"Vance","county",45077,0
2015,0,"Vance","county",45097,0
2016,0,"Vance","county",44945,0
2017,0,"Vance","county",44862,0
2011,13,"Wake","county",925938,0.14
2012,13,"Wake","county",945603,0.14
2013,12,"Wake","county",964616,0.12
2014,12,"Wake","county",985310,0.12
2015,14,"Wake","county",1007631,0.14
2016,13,"Wake","county",1026748,0.13
2017,15,"Wake","county",1048771,0.14
2011,0,"Warren","county",20883,0
2012,0,"Warren","county",20674,0
2013,0,"Warren","county",20453,0
2014,0,"Warren","county",20514,0
2015,0,"Warren","county",20473,0
2016,0,"Warren","county",20121,0
2017,0,"Warren","county",20133,0
2011,0,"Washington","county",13060,0
2012,0,"Washington","county",12821,0
2013,0,"Washington","county",12826,0
2014,0,"Washington","county",12679,0
2015,0,"Washington","county",12589,0
2016,0,"Washington","county",12425,0
2017,0,"Washington","county",12349,0
2011,0,"Watauga","county",52111,0
2012,0,"Watauga","county",52517,0
2013,0,"Watauga","county",52682,0
2014,0,"Watauga","county",52923,0
2015,0,"Watauga","county",53737,0
2016,0,"Watauga","county",54992,0
2017,0,"Watauga","county",56170,0
2011,1,"Wayne","county",123710,0.08
2012,1,"Wayne","county",124915,0.08
2013,1,"Wayne","county",125101,0.08
2014,2,"Wayne","county",125681,0.16
2015,3,"Wayne","county",124984,0.24
2016,3,"Wayne","county",124808,0.24
2017,3,"Wayne","county",124945,0.24
2011,0,"Wilkes","county",69592,0
2012,0,"Wilkes","county",69755,0
2013,0,"Wilkes","county",69754,0
2014,0,"Wilkes","county",69883,0
2015,0,"Wilkes","county",69663,0
2016,0,"Wilkes","county",70027,0
2017,0,"Wilkes","county",70536,0
2011,0,"Wilson","county",81380,0
2012,0,"Wilson","county",81796,0
2013,0,"Wilson","county",81397,0
2014,0,"Wilson","county",81410,0
2015,0,"Wilson","county",81689,0
2016,0,"Wilson","county",81758,0
2017,0,"Wilson","county",82035,0
2011,0,"Yadkin","county",38442,0
2012,0,"Yadkin","county",38247,0
2013,0,"Yadkin","county",38131,0
2014,0,"Yadkin","county",37842,0
2015,0,"Yadkin","county",37705,0
2016,0,"Yadkin","county",37725,0
2017,0,"Yadkin","county",37687,0
2011,0,"Yancey","county",18069,0
2012,0,"Yancey","county",17874,0
2013,0,"Yancey","county",17921,0
2014,0,"Yancey","county",17907,0
2015,0,"Yancey","county",17959,0
2016,0,"Yancey","county",18142,0
2017,0,"Yancey","county",18199,0
2011,145,"North Carolina","state",9669244,0.15
2012,137,"North Carolina","state",9765229,0.14
2013,138,"North Carolina","state",9861952,0.14
2014,141,"North Carolina","state",9953687,0.14
2015,140,"North Carolina","state",10056683,0.14
2016,144,"North Carolina","state",10155942,0.14
2017,162,"North Carolina","state",10272692,0.16
